{
    "dataset_reader":{
        "type":"semantic_dependencies"
    },
    "train_data_path": "/home/markn/data/semantic_dependency_parsing/semeval2015_data/dm/data/english/english_dm_augmented_train.sdp",
    "validation_data_path": "/home/markn/data/semantic_dependency_parsing/semeval2015_data/dm/data/english/english_dm_augmented_dev.sdp",
    "test_data_path": "/home/markn/data/semantic_dependency_parsing/semeval2015_data/dm/data/english/english_id_dm_augmented_test.sdp",
    "model": {
      "type": "graph_parser",
      "text_field_embedder": {
        "tokens": {
          "type": "embedding",
          "embedding_dim": 100,
          "pretrained_file": "/home/markn/data/glove/glove.6B/glove.6B.100d.txt",
          "trainable": true,
          "sparse": true
        }
      },
      "pos_tag_embedding":{
        "embedding_dim": 100,
        "vocab_namespace": "pos",
        "sparse": true
      },
      "encoder": {
        "type": "stacked_bidirectional_lstm",
        "input_size": 200,
        "hidden_size": 400,
        "num_layers": 3,
        "recurrent_dropout_probability": 0.3,
        "use_highway": true
      },
      "arc_representation_dim": 500,
      "tag_representation_dim": 100,
      "dropout": 0.3,
      "input_dropout": 0.3,
      "initializer": [
        [".*feedforward.*weight", {"type": "xavier_uniform"}],
        [".*feedforward.*bias", {"type": "zero"}],
        [".*tag_bilinear.*weight", {"type": "xavier_uniform"}],
        [".*tag_bilinear.*bias", {"type": "zero"}],
        [".*weight_ih.*", {"type": "xavier_uniform"}],
        [".*weight_hh.*", {"type": "orthogonal"}],
        [".*bias_ih.*", {"type": "zero"}],
        [".*bias_hh.*", {"type": "lstm_hidden_bias"}]]
    },

    "iterator": {
      "type": "bucket",
      "sorting_keys": [["tokens", "num_tokens"]],
      "batch_size" : 128
    },
    "trainer": {
      "num_epochs": 80,
      "grad_norm": 5.0,
      "patience": 50,
      "cuda_device": 0,
      "validation_metric": "+LAS",
      "optimizer": {
        "type": "dense_sparse_adam",
        "betas": [0.9, 0.9]
      }
    }
  }

